{
  "width": 1280,
  "height": 720,
  "fps": 29.97002997002997,
  "durationSeconds": 61.171519,
  "durationInFrames": 1833
}
